{
  "sections": {
    "faq": {
      "type": "faq-accordion",
      "blocks": {
        "faq-1": {
          "type": "faq",
          "settings": {
            "category": "General",
            "question": "What makes LuxeLine wigs different?",
            "answer": "LuxeLine wigs are crafted from 100% premium human hair with HD lace technology for an undetectable, natural appearance. Our glueless designs make installation beginner-friendly while maintaining all-day comfort and security."
          }
        },
        "faq-2": {
          "type": "faq",
          "settings": {
            "category": "General",
            "question": "Are your wigs suitable for beginners?",
            "answer": "Absolutely! Our glueless wigs are specifically designed for easy application. No glue, tape, or professional installation required."
          }
        },
        "faq-3": {
          "type": "faq",
          "settings": {
            "category": "Styling & Care",
            "question": "Can I style my LuxeLine wig?",
            "answer": "Yes! Our 100% human hair wigs can be styled just like your natural hair. Use heat protectant and professional products for best results."
          }
        },
        "faq-4": {
          "type": "faq",
          "settings": {
            "category": "Ordering & Shipping",
            "question": "What is your shipping policy?",
            "answer": "We offer free shipping on orders over $200. Standard shipping takes 3-5 business days within the US."
          }
        }
      },
      "block_order": ["faq-1", "faq-2", "faq-3", "faq-4"],
      "settings": {
        "heading": "Frequently Asked Questions",
        "subheading": "Everything you need to know about LuxeLine wigs, shipping, and care"
      }
    },
    "cta": {
      "type": "faq-cta",
      "settings": {
        "heading": "Still Have Questions?",
        "subheading": "Our customer service team is here to help. Reach out and we'll get back to you within 24 hours.",
        "primary_label": "Contact Us",
        "secondary_label": "Live Chat"
      }
    }
  },
  "order": ["faq", "cta"]
}
